"sample","pond","treatment","day","date","sample_vol_L","biomass_mg_L","C_ug","N_ug","t15N_ug","N_atom_perc","preN_atom_perc","add15N_perc","dorset_pond"
"phytoplankton",1,"A",0.00999999999999979,"15/07/13",0.0156639317867277,18.22,77.0655,7.706,0.0283587240385637,0.368008357624756,0.365959727425083,0.00204863019967255,2
"phytoplankton",1,"A",0.819999999999999,"16/07/13",0.0208764794281912,20.42,108.7123,11.169,0.0643361376456299,0.576024152973676,0.365959727425083,0.210064425548593,2
"phytoplankton",1,"A",1.17,"16/07/13",0.0260997207818109,25,147.2741,13.0864,0.110503030993346,0.844411228400065,0.365959727425083,0.478451500974981,2
"phytoplankton",1,"A",1.68,"17/07/13",0.0208813099798414,22.58,133.2492,11.4136,0.129187427647777,1.13187274521428,0.365959727425083,0.765913017789193,2
"phytoplankton",1,"A",2.05,"17/07/13",0.0208826747631439,25.83,140.0963,11.192,0.115447000361115,1.03151358435592,0.365959727425083,0.665553856930838,2
"phytoplankton",1,"A",2.79,"18/07/13",0.0208798460434549,26.25,209.7325,17.3867,0.172162147808125,0.990194503891624,0.365959727425083,0.624234776466541,2
"phytoplankton",1,"A",3.93,"19/07/13",0.0208848247662355,21.58,139.431,12.6866,0.105895555825179,0.834703985505802,0.365959727425083,0.468744258080719,2
"phytoplankton",1,"A",4.95,"20/07/13",0.0208748940890243,18.17,132.2158,8.9973,0.0694119747200274,0.771475606237732,0.365959727425083,0.405515878812648,2
"phytoplankton",1,"A",6.91,"22/07/13",0.0208831117703624,22.08,133.7349,13.2317,0.0933230455052129,0.705298982785378,0.365959727425083,0.339339255360295,2
"phytoplankton",1,"A",11.72,"27/07/13",0.0130506739044678,25.93,126.3481,10.7626,0.0643333358503035,0.597749018362696,0.365959727425083,0.231789290937612,2
"phytoplankton",1,"A",15.83,"31/07/13",0.0104397992650255,27.5,85.5155,7.2655,0.0389392853330648,0.535947771427497,0.365959727425083,0.169988044002413,2
"phytoplankton",1,"A",23.66,"08/08/13",0.0208820687974353,35.83,235.3011,21.6276,0.105906724398196,0.489683202936046,0.365959727425083,0.123723475510962,2
"phytoplankton",1,"A",28.75,"13/08/13",0.0104402465952291,36.58,125.8062,11.4197,0.0502700851628613,0.440204954270789,0.365959727425083,0.0742452268457058,2
"phytoplankton",1,"A",53.01,"06/09/13",0.00261002602481952,115.67,107.05,7.255,0.0295929117847596,0.407896785454992,0.365959727425083,0.0419370580299083,2
"zooplankton",1,"A",0.26,"16/07/13",2.86826426585463,0.1625,270.72,54.16,0.199331075882338,0.36804112976798,0.367833110230174,0.000208019537805637,2
"zooplankton",1,"A",0.76,"16/07/13",4.01460087323962,0.1365,303.8,62.8,0.233410146683625,0.371672208094944,0.367833110230174,0.0038390978647701,2
"zooplankton",1,"A",1.26,"17/07/13",2.70716909223751,0.1424,215.8,43.87,0.167051281296922,0.380787055611857,0.367833110230174,0.0129539453816827,2
"zooplankton",1,"A",1.76,"17/07/13",2.73016554085669,0.1455,209.99,46.327,0.183679153292705,0.396484022908251,0.367833110230174,0.0286509126780768,2
"zooplankton",1,"A",2.26,"18/07/13",2.67544002519083,0.1215,171.29,36.96,0.148253870324567,0.401119779016685,0.367833110230174,0.0332866687865112,2
"zooplankton",1,"A",3.26,"19/07/13",3.99235760569878,0.2533,564.93,124.79,0.562817554066633,0.451011742981516,0.367833110230174,0.0831786327513415,2
"zooplankton",1,"A",4.26,"20/07/13",3.99750937894048,0.1335,303.82,63.88,0.302428176170235,0.473431709721721,0.367833110230174,0.105598599491547,2
"zooplankton",1,"A",6.26,"22/07/13",4.01408262400285,0.2375,527.16,112.59,0.54011332321299,0.479716958178338,0.367833110230174,0.111883847948164,2
"zooplankton",1,"A",11.26,"27/07/13",2.73679770573563,0.3187,486.02,101.09,0.497172573476539,0.491811824588524,0.367833110230174,0.12397871435835,2
"zooplankton",1,"A",15.26,"31/07/13",3.3582667581384,0.1238,228.23,48.56,0.243370115251578,0.501174042939824,0.367833110230174,0.13334093270965,2
"zooplankton",1,"A",23.26,"08/08/13",2.65480722844605,0.3582,542.85,104.89,0.545075548103948,0.5196639795061,0.367833110230174,0.151830869275926,2
"zooplankton",1,"A",28.26,"13/08/13",2.3327495471966,0.3094,410.767,78.57,0.407746548506649,0.518959588273704,0.367833110230174,0.15112647804353,2
"zooplankton",1,"A",52.26,"06/09/13",3.95771766270195,0.3277,667.68,128.56,0.5682606655439,0.442019808294882,0.367833110230174,0.0741866980647077,2
"phytoplankton",2,"A",0.00999999999999979,"15/07/13",0.0313110609930112,15.56,174.7973,14.2964,0.0524354864774442,0.366774058346466,0.367138318678134,-0.00036426033166731,3
"phytoplankton",2,"A",0.819999999999999,"16/07/13",0.0313268954064344,15.22,170.9066,14.7592,0.149464562943351,1.01268742847411,0.367138318678134,0.645549109795976,3
"phytoplankton",2,"A",1.18,"16/07/13",0.0208751072564832,19.42,105.0782,9.0103,0.167930681766538,1.86376349030042,0.367138318678134,1.49662517162228,3
"phytoplankton",2,"A",1.68,"17/07/13",0.0313277031861167,12.58,147.4702,13.9331,0.383600680624172,2.753161038277,0.367138318678134,2.38602271959886,3
"phytoplankton",2,"A",2.05,"17/07/13",0.0313144831500262,12.17,133.8752,12.3506,0.310674794076706,2.51546316840239,0.367138318678134,2.14832484972426,3
"phytoplankton",2,"A",2.79,"18/07/13",0.0208873016368525,15.33,102.4576,9.2737,0.189401220206455,2.04234793239435,0.367138318678134,1.67520961371622,3
"phytoplankton",2,"A",3.93,"19/07/13",0.0313229710123527,12.25,123.9783,12.4624,0.204035726622504,1.63721054229124,0.367138318678134,1.27007222361311,3
"phytoplankton",2,"A",4.95,"20/07/13",0.0417404724078645,9.42,155.3619,14.3705,0.196622390580131,1.36823625190586,0.367138318678134,1.00109793322773,3
"phytoplankton",2,"A",6.92,"22/07/13",0.0417405360090559,9.42,140.3645,14.967,0.135753555885597,0.907019148029643,0.367138318678134,0.53988082935151,3
"phytoplankton",2,"A",11.75,"27/07/13",0.0730581504831179,6.05,171.7638,20.508,0.132603970042763,0.646596304089929,0.367138318678134,0.279457985411796,3
"phytoplankton",2,"A",15.84,"31/07/13",0.0783421371318028,5.73,128.0738,15.1055,0.085778455354297,0.567862403457661,0.367138318678134,0.200724084779527,3
"phytoplankton",2,"A",23.67,"08/08/13",0.0417969435998444,3.56,35.5408,3.8842,0.0186519838779373,0.480201428297649,0.367138318678134,0.113063109619515,3
"phytoplankton",2,"A",28.77,"13/08/13",0.230204485509114,1.95,135.419,14.4707,0.0655610129007899,0.453060411042934,0.367138318678134,0.0859220923648005,3
"phytoplankton",2,"A",53.01,"06/09/13",0.114472341763898,1.14,65.2749,6.5659,0.027287895632388,0.415600231992385,0.367138318678134,0.0484619133142515,3
"zooplankton",2,"A",0.76,"16/07/13",3.99605823672288,0.058,118.165,23.354,0.0904067299921785,0.387114541372692,0.3683659304672,0.0187486109054917,3
"zooplankton",2,"A",1.26,"17/07/13",4.02298850574713,0.029,58.39,12.95,0.0514481420686887,0.397282950337365,0.3683659304672,0.0289170198701644,3
"zooplankton",2,"A",1.76,"17/07/13",1.96183620924633,0.1094,122.8,22.6,0.0978520637571504,0.432973733438719,0.3683659304672,0.0646078029715182,3
"zooplankton",2,"A",2.26,"18/07/13",3.94764629011233,0.0924,192.54,44.1,0.212314283936702,0.481438285570753,0.3683659304672,0.113072355103552,3
"zooplankton",2,"A",3.26,"19/07/13",3.99851338988689,0.0668,137.49,30.77,0.188788357768319,0.613546824076434,0.3683659304672,0.245180893609233,3
"zooplankton",2,"A",4.26,"20/07/13",4.00785765895954,0.1808,398.765,80.23,0.577125396284047,0.719338646745665,0.3683659304672,0.350972716278465,3
"zooplankton",2,"A",11.26,"27/07/13",2.25292289142974,0.2147,240.47,53.1,0.443284458803692,0.834810656880776,0.3683659304672,0.466444726413576,3
"zooplankton",2,"A",15.26,"31/07/13",2.81422971357487,0.1301,193.57,48.29,0.401588301315901,0.831617936044524,0.3683659304672,0.463252005577323,3
"zooplankton",2,"A",23.26,"08/08/13",3.97336862497877,0.0726,142.81,33.89,0.243821045232134,0.719448348280125,0.3683659304672,0.351082417812925,3
"zooplankton",2,"A",28.26,"13/08/13",4.00916766481494,0.0387,67.395,13.894,0.0674856670196225,0.485718058295829,0.3683659304672,0.117352127828629,3
"phytoplankton",3,"A",0.00999999999999979,"15/07/13",0.00870004576403876,39,121.9833,11.2353,0.0411484229250357,0.366242315959838,0.36723178290253,-0.000989466942691974,5
"phytoplankton",3,"A",0.83,"16/07/13",0.0104393703255723,33.67,129.0323,11.3666,0.0613827065559914,0.540026978656691,0.36723178290253,0.172795195754161,5
"phytoplankton",3,"A",1.19,"16/07/13",0.0104403784425184,38.17,118.0334,9.677,0.0827158972895288,0.854767978604204,0.36723178290253,0.487536195701674,5
"phytoplankton",3,"A",1.71,"17/07/13",0.0104398947739912,36.83,133.2302,11.1763,0.131010938286109,1.17222102382818,0.36723178290253,0.804989240925648,5
"phytoplankton",3,"A",2.06,"17/07/13",0.03132857854376,12.72,125.7835,12.4292,0.132473052214924,1.06582122916137,0.36723178290253,0.698589446258835,5
"phytoplankton",3,"A",2.8,"18/07/13",0.0104397572778035,41.17,158.0553,13.8943,0.151335200194197,1.08918909332746,0.36723178290253,0.72195731042493,5
"phytoplankton",3,"A",3.93,"19/07/13",0.0104387382347817,49.67,187.5696,15.281,0.163432973023883,1.06951752518737,0.36723178290253,0.702285742284843,5
"phytoplankton",3,"A",4.95,"20/07/13",0.0130511705560609,33.2,204.9759,19.274,0.199874225735516,1.03701476463379,0.36723178290253,0.669782981731256,5
"phytoplankton",3,"A",6.93,"22/07/13",0.013051172486194,31.2,173.039,18.6777,0.174962025551905,0.93674288350228,0.36723178290253,0.56951110059975,5
"phytoplankton",3,"A",11.79,"27/07/13",0.00869919368862286,46.2,140.8861,13.307,0.100579369698326,0.755838052891903,0.36723178290253,0.388606269989373,5
"phytoplankton",3,"A",15.86,"31/07/13",0.00870012673201891,57,129.0347,9.8993,0.0667155497084063,0.673942093970345,0.36723178290253,0.306710311067815,5
"phytoplankton",3,"A",23.69,"08/08/13",0.00521898677315557,63.67,104.9075,6.8027,0.0393660584767006,0.578682853524345,0.36723178290253,0.211451070621815,5
"phytoplankton",3,"A",28.82,"13/08/13",0.00783083688627876,59.33,172.6973,12.686,0.0689777597979642,0.543731355809271,0.36723178290253,0.176499572906741,5
"phytoplankton",3,"A",53.01,"06/09/13",0.00521945967310376,67.67,130.7731,9.9698,0.0460628355980418,0.462023667456135,0.36723178290253,0.094791884553605,5
"zooplankton",3,"A",0.26,"16/07/13",3.06991483462072,0.1107,182.62,38.13,0.140108652235223,0.367449914070871,0.367472314862957,-2.24007920858194e-05,5
"zooplankton",3,"A",0.76,"16/07/13",4.0072532510443,0.4282,1016.471,153.45,0.568989332443022,0.370797870604772,0.367472314862957,0.00332555574181465,5
"zooplankton",3,"A",1.26,"17/07/13",1.83648628748503,0.7614,801.117,133.9,0.501939057088634,0.37486113300122,0.367472314862957,0.00738881813826298,5
"zooplankton",3,"A",1.76,"17/07/13",2.69110879814253,0.4394,674.798,113.44,0.430219559652341,0.379248553995365,0.367472314862957,0.0117762391324075,5
"zooplankton",3,"A",2.26,"18/07/13",1.55813089854146,0.9225,866.1,125.72,0.48972503466255,0.389536298649817,0.367472314862957,0.0220639837868601,5
"zooplankton",3,"A",3.26,"19/07/13",3.99882372429947,0.2099,461.29,93.42,0.385692131604099,0.412858201246092,0.367472314862957,0.0453858863831352,5
"zooplankton",3,"A",4.26,"20/07/13",1.92326426734628,1.0706,1200.29,146.14,0.604537655866345,0.413670217508105,0.367472314862957,0.0461979026451482,5
"zooplankton",3,"A",6.26,"22/07/13",4.03348236498599,0.6024,1412.515,251.1,1.09559395347027,0.436317783142283,0.367472314862957,0.068845468279326,5
"zooplankton",3,"A",11.26,"27/07/13",2.33128868739729,0.4309,586.99,91.01,0.424019078669442,0.465903833281444,0.367472314862957,0.0984315184184869,5
"zooplankton",3,"A",15.26,"31/07/13",2.25877714978223,0.3982,502.4,81.04,0.40157042110717,0.495521250132243,0.367472314862957,0.128048935269286,5
"zooplankton",3,"A",23.26,"08/08/13",2.6562224729024,0.4875,730.31,141.92,0.720537957226972,0.507707128823965,0.367472314862957,0.140234813961008,5
"zooplankton",3,"A",28.26,"13/08/13",2.32104916659185,0.237,312.53,62.05,0.322792395238724,0.520213368636139,0.367472314862957,0.152741053773182,5
"zooplankton",3,"A",52.26,"06/09/13",4.00269747003415,0.0597,119.4,29.44,0.141379822751445,0.480230376193769,0.367472314862957,0.112758061330812,5
"phytoplankton",4,"A",0.00999999999999979,"15/07/13",0.0365406135697896,11.88,142.1742,13.376,0.0490411477899308,0.366635375223765,0.366824130158012,-0.000188754934246749,7
"phytoplankton",4,"A",0.85,"16/07/13",0.0626422252089711,10.86,194.6331,24.111,0.142355134401058,0.590415720629829,0.366824130158012,0.223591590471817,7
"phytoplankton",4,"A",1.21,"16/07/13",0.062667870828401,8.58,140.9027,14.4429,0.127394635520247,0.882057173561039,0.366824130158012,0.515233043403027,7
"phytoplankton",4,"A",1.73,"17/07/13",0.0937891989704899,2.56,280.9349,32.3007,0.442469776389697,1.36984578163847,0.366824130158012,1.00302165148046,7
"phytoplankton",4,"A",2.07,"17/07/13",0.046967289323303,8.67,121.1883,14.9685,0.217497151675344,1.45303237916521,0.366824130158012,1.0862082490072,7
"phytoplankton",4,"A",2.82,"18/07/13",0.0417570279085431,9.96,177.0292,20.4785,0.249065383875793,1.21622864895277,0.366824130158012,0.849404518794758,7
"phytoplankton",4,"A",3.93,"19/07/13",0.0417658765774665,11.04,160.8518,17.3109,0.173402776651294,1.00169706168538,0.366824130158012,0.634872931527364,7
"phytoplankton",4,"A",4.95,"20/07/13",0.038274127952639,11.82,149.4692,14.1081,0.120628556663543,0.85503049073612,0.366824130158012,0.488206360578108,7
"phytoplankton",4,"A",6.95,"22/07/13",0.0469858768626134,11.48,183.7663,23.309,0.177429821733985,0.761207352241561,0.366824130158012,0.394383222083549,7
"phytoplankton",4,"A",11.84,"27/07/13",0.0365267369879865,9.79,129.9605,14.8113,0.0886908507145207,0.598805308882547,0.366824130158012,0.231981178724535,7
"phytoplankton",4,"A",15.9,"31/07/13",0.0365456367563264,9.38,94.4373,9.5339,0.0506603367695846,0.53137054898399,0.366824130158012,0.164546418825978,7
"phytoplankton",4,"A",23.7,"08/08/13",0.0835236467659078,14.25,382.7053,40.541,0.202594020594803,0.49972625390297,0.366824130158012,0.132902123744958,7
"phytoplankton",4,"A",28.86,"13/08/13",0.0522026556609531,7.9,211.1672,18.6896,0.0880846170647023,0.471302847919176,0.366824130158012,0.104478717761164,7
"phytoplankton",4,"A",53.01,"06/09/13",0.0182691533552821,19.24,161.1422,13.5696,0.0574933933867858,0.423692617223689,0.366824130158012,0.0568684870656775,7
"zooplankton",4,"A",0.26,"16/07/13",4.00035469894927,0.0627,128.39,32.03,0.118003972312919,0.36841702251926,0.367571676497926,0.000845346021334181,7
"zooplankton",4,"A",0.76,"16/07/13",3.99445777432327,0.0381,79.22,17.73,0.0664273610191935,0.374660806650838,0.367571676497926,0.0070891301529119,7
"zooplankton",4,"A",1.26,"17/07/13",3.9710885254936,0.0785,158.66,37.47,0.14255787014842,0.380458687345664,0.367571676497926,0.0128870108477381,7
"zooplankton",4,"A",1.76,"17/07/13",4.01043426040611,0.0415,86.67,21.37,0.0840099980546788,0.393121188837991,0.367571676497926,0.0255495123400655,7
"zooplankton",4,"A",2.26,"18/07/13",3.99647499449218,0.0445,74.15,18.14,0.0724310125847762,0.399288933763926,0.367571676497926,0.0317172572660004,7
"zooplankton",4,"A",4.26,"20/07/13",4.00168997203286,0.0426,84.413,18.388,0.0781482132534485,0.424995721413142,0.367571676497926,0.0574240449152156,7
"zooplankton",4,"A",6.26,"22/07/13",4.00160690342406,0.0229,32.35,7.67,0.0336146889621337,0.438261916064324,0.367571676497926,0.0706902395663985,7
"zooplankton",4,"A",11.26,"27/07/13",3.99755607925286,0.0335,53.26,11.45,0.0574356875603085,0.501621725417541,0.367571676497926,0.134050048919615,7
"zooplankton",4,"A",23.26,"08/08/13",2.90493963514491,0.124,155.14,30.51,0.143730674724166,0.471093656913032,0.367571676497926,0.103521980415106,7
"zooplankton",4,"A",28.26,"13/08/13",4.00105087237226,0.0329,65.598,14.5,0.0677560702313487,0.467283242974818,0.367571676497926,0.0997115664768926,7
"zooplankton",4,"A",52.26,"06/09/13",3.99007174221982,0.0389,58.66,12.05,0.0513604983181223,0.426228201810144,0.367571676497926,0.0586565253122177,7
"phytoplankton",5,"A",0.00999999999999979,"15/07/13",0.0182735593549488,23.57,157.5241,12.5112,0.0460107339312358,0.367756361749759,0.3667854814391,0.000970880310658673,10
"phytoplankton",5,"A",0.87,"16/07/13",0.0208815885694342,18.83,173.2074,13.5776,0.11007972517873,0.810745088813412,0.3667854814391,0.443959607374312,10
"phytoplankton",5,"A",1.23,"16/07/13",0.0208834358819143,20.83,147.9698,12.1483,0.200689053514995,1.65199290036462,0.3667854814391,1.28520741892552,10
"phytoplankton",5,"A",1.75,"17/07/13",0.0208824861101186,17.33,138.1571,12.5302,0.278883276549786,2.22568894790016,0.3667854814391,1.85890346646106,10
"phytoplankton",5,"A",2.08,"17/07/13",0.0243585097928532,9.43,173.8576,14.6301,0.305389827119892,2.08740765353547,0.3667854814391,1.72062217209637,10
"phytoplankton",5,"A",2.84,"18/07/13",0.018264957601355,20.29,126.075,10.6828,0.194352084865448,1.81929910571618,0.3667854814391,1.45251362427708,10
"phytoplankton",5,"A",3.93,"19/07/13",0.010436920494851,17.17,72.2145,6.6285,0.0941521609420812,1.4204142859181,0.3667854814391,1.053628804479,10
"phytoplankton",5,"A",4.95,"20/07/13",0.0208800999670183,17.5,146.8655,11.2372,0.149709959825691,1.33227102681888,0.3667854814391,0.96548554537978,10
"phytoplankton",5,"A",6.99,"22/07/13",0.0278284575938687,15.38,150.1585,12.2447,0.114786658228714,0.937439530806911,0.3667854814391,0.570654049367811,10
"phytoplankton",5,"A",11.92,"27/07/13",0.0313124270264686,14.17,171.2715,11.5308,0.0680440840056186,0.590107225913367,0.3667854814391,0.223321744474267,10
"phytoplankton",5,"A",15.92,"31/07/13",0.0208879090538276,6.08,38.0618,4.1131,0.0212985661985142,0.517822717622091,0.3667854814391,0.151037236182991,10
"phytoplankton",5,"A",23.73,"08/08/13",0.0626523307819733,4.11,88.9282,8.3487,0.039529266592515,0.473478105483668,0.3667854814391,0.106692624044568,10
"phytoplankton",5,"A",28.92,"13/08/13",0.0835793472082453,4.33,140.1342,12.2528,0.0557994971171802,0.455402007028436,0.3667854814391,0.0886165255893359,10
"phytoplankton",5,"A",53.01,"06/09/13",0.0260690934867129,4.07,56.7585,6.3109,0.0265789632110761,0.421159631923752,0.3667854814391,0.0543741504846522,10
"zooplankton",5,"A",0.26,"16/07/13",4.00120360154616,0.0565,119.37,25.93,0.0963149905866431,0.371442308471435,0.367869604948758,0.00357270352267702,10
"zooplankton",5,"A",0.76,"16/07/13",3.99750718391186,0.1001,202.26,34.72,0.155698659466354,0.448440839476826,0.367869604948758,0.0805712345280684,10
"zooplankton",5,"A",1.26,"17/07/13",3.13847613186045,0.1347,235.74,43.61,0.222497829164288,0.510199103793368,0.367869604948758,0.14232949884461,10
"zooplankton",5,"A",1.76,"17/07/13",1.99025272771585,0.1243,141.78,26.05,0.120122995914648,0.461124744394042,0.367869604948758,0.0932551394452835,10
"zooplankton",5,"A",2.26,"18/07/13",2.80013555875625,0.2035,335.06,59.49,0.354004967738536,0.595066343483839,0.367869604948758,0.227196738535081,10
"zooplankton",5,"A",3.26,"19/07/13",4.00371851223409,0.0505,108.69,22.18,0.155696416797981,0.701967614057625,0.367869604948758,0.334098009108867,10
"zooplankton",5,"A",4.26,"20/07/13",3.9981330303911,0.0693,153.85,31.78,0.216095506997596,0.679973275637496,0.367869604948758,0.312103670688738,10
"zooplankton",5,"A",6.26,"22/07/13",4.00134624733555,0.0374,81.18,17.12,0.122307749897588,0.71441442697189,0.367869604948758,0.346544822023132,10
"zooplankton",5,"A",11.26,"27/07/13",2.42116030588166,0.4012,455.336,75.72,0.634710234946648,0.838233273833397,0.367869604948758,0.470363668884639,10
"zooplankton",5,"A",15.26,"31/07/13",4.00887332036236,0.1049,214.45,49.98,0.356882501513422,0.714050623276155,0.367869604948758,0.346181018327397,10
"zooplankton",5,"A",23.26,"08/08/13",3.13263633718497,0.1263,189.26,37.1,0.227903336252357,0.614294706879668,0.367869604948758,0.24642510193091,10
"zooplankton",5,"A",28.26,"13/08/13",3.99965973749378,0.0604,118.47,25.39,0.131914970987953,0.519554828625257,0.367869604948758,0.151685223676499,10
"zooplankton",5,"A",52.26,"06/09/13",3.99956612342089,0.0516,85.104,18.997,0.0830857902638632,0.43736269023458,0.367869604948758,0.0694930852858222,10
"phytoplankton",6,"A",0.00999999999999979,"15/07/13",0.0313148401064931,12.78,153.2424,17.2928,0.0633696383661143,0.366450999063855,0.365773669937484,0.000677329126371418,16
"phytoplankton",6,"A",0.88,"16/07/13",0.024366039670652,15.14,134.028,18.4189,0.157518276186072,0.855199149710741,0.365773669937484,0.489425479773257,16
"phytoplankton",6,"A",1.24,"16/07/13",0.020875270970159,14.17,89.7366,10.3031,0.143628404841548,1.39403096972317,0.365773669937484,1.02825729978569,16
"phytoplankton",6,"A",1.77,"17/07/13",0.0313216637889143,14,157.4097,18.1764,0.357457513322213,1.96660237077867,0.365773669937484,1.60082870084118,16
"phytoplankton",6,"A",2.1,"17/07/13",0.0313301217092522,13.83,151.3351,17.5996,0.329763656347916,1.87369972242503,0.365773669937484,1.50792605248755,16
"phytoplankton",6,"A",2.85,"18/07/13",0.0313159071155807,14.67,147.8644,18.3872,0.326317661846171,1.77470012751355,0.365773669937484,1.40892645757607,16
"phytoplankton",6,"A",3.93,"19/07/13",0.0313239480224628,13.75,158.8174,18.2119,0.27602209805186,1.51561395599504,0.365773669937484,1.14984028605755,16
"phytoplankton",6,"A",4.95,"20/07/13",0.0208723433051155,14.67,109.6527,11.107,0.135915588234585,1.22369306054367,0.365773669937484,0.857919390606185,16
"phytoplankton",6,"A",7.05,"22/07/13",0.0208843201097215,15.83,96.4358,11.8318,0.107766774617959,0.910823159772467,0.365773669937484,0.545049489834983,16
"phytoplankton",6,"A",11.97,"27/07/13",0.0313198074926866,12.5,157.5496,16.5948,0.103234841030458,0.622091504751233,0.365773669937484,0.256317834813749,16
"phytoplankton",6,"A",15.98,"31/07/13",0.0208843453478816,11.08,74.0632,9.4244,0.0498783579290349,0.529247038846345,0.365773669937484,0.163473368908861,16
"phytoplankton",6,"A",23.74,"08/08/13",0.0469650512466074,8.17,122.3177,17.8342,0.0778403821191369,0.436466912556419,0.365773669937484,0.0706932426189353,16
"phytoplankton",6,"A",28.96,"13/08/13",0.046957631852423,7.56,133.53,17.5629,0.0778482399409686,0.443253904201291,0.365773669937484,0.0774802342638075,16
"phytoplankton",6,"A",53.01,"06/09/13",0.0730361785401419,2.24,83.7258,11.5787,0.0465744023817579,0.402242068468463,0.365773669937484,0.0364683985309794,16
"zooplankton",6,"A",0.26,"16/07/13",2.51268029205817,0.0992,140.26,26.87,0.0988671557012032,0.36794624377076,0.367584945434772,0.000361298335988358,16
"zooplankton",6,"A",0.76,"16/07/13",3.99787362661082,0.0412,80.427,17.811,0.0703537202882473,0.395001517535497,0.367584945434772,0.027416572100725,16
"zooplankton",6,"A",1.26,"17/07/13",2.0042723347321,0.2349,265.18,52.73,0.203507297602678,0.385942153617822,0.367584945434772,0.0183572081830508,16
"zooplankton",6,"A",1.76,"17/07/13",2.6308399782026,0.1236,170.67,37.85,0.151393145773448,0.399981891079124,0.367584945434772,0.0323969456443524,16
"zooplankton",6,"A",2.26,"18/07/13",2.4982627817104,0.2449,338.9,69.9,0.291697462985874,0.41730681399982,0.367584945434772,0.0497218685650484,16
"zooplankton",6,"A",3.26,"19/07/13",3.99755028862811,0.0952,198.612,43.237,0.234704806423287,0.542833236402356,0.367584945434772,0.175248290967584,16
"zooplankton",6,"A",4.26,"20/07/13",4.09026159026159,0.132,295.41,63.17,0.286597994453929,0.453693200022049,0.367584945434772,0.0861082545872778,16
"zooplankton",6,"A",6.26,"22/07/13",4.04680693841605,0.1306,280.55,60.892,0.32156559870592,0.528091701218419,0.367584945434772,0.160506755783647,16
"zooplankton",6,"A",11.26,"27/07/13",2.17169524636423,0.17,200.85,40.02,0.202808539481314,0.506767964720924,0.367584945434772,0.139183019286152,16
"zooplankton",6,"A",15.26,"31/07/13",3.00861734381064,0.1279,216.72,42.79,0.224173203937764,0.523891572651937,0.367584945434772,0.156306627217166,16
"zooplankton",6,"A",23.26,"08/08/13",2.10109066443259,0.2928,339.41,67.41,0.331949018904878,0.49243290150553,0.367584945434772,0.124847956070759,16
"zooplankton",6,"A",28.26,"13/08/13",2.54024442923823,0.1366,185.8,39.87,0.19211097196211,0.481843421023602,0.367584945434772,0.11425847558883,16
"zooplankton",6,"A",52.26,"06/09/13",4.00034234851078,0.0508,107.05,23.37,0.100862285541164,0.43158872717657,0.367584945434772,0.0640037817417987,16
"phytoplankton",7,"A",0.00999999999999979,"15/07/13",0.00870082589677987,55.8,200.2391,9.6941,0.0357231557499623,0.368504097852944,0.367208352996289,0.00129574485665557,18
"phytoplankton",7,"A",0.899999999999999,"16/07/13",0.00869997906330905,53,179.0486,9.4327,0.0579598490388733,0.614456614107025,0.367208352996289,0.247248261110736,18
"phytoplankton",7,"A",1.25,"16/07/13",0.00869976712618772,42.6,128.2884,5.5888,0.0497860686217751,0.890818576828212,0.367208352996289,0.523610223831924,18
"phytoplankton",7,"A",1.79,"17/07/13",0.00870013182177696,50,179.4624,8.2499,0.0995693109680898,1.20691536828434,0.367208352996289,0.839707015288052,18
"phytoplankton",7,"A",2.11,"17/07/13",0.00870055193376343,43.4,167.2414,9.2445,0.110734318807149,1.19784000007734,0.367208352996289,0.830631647081049,18
"phytoplankton",7,"A",2.87,"18/07/13",0.00869910650514916,53.2,167.7735,7.9119,0.0862579843396967,1.09023097283455,0.367208352996289,0.723022619838261,18
"phytoplankton",7,"A",3.93,"19/07/13",0.00870101445605019,38.8,176.787,8.4518,0.085147881759799,1.00745263446602,0.367208352996289,0.64024428146973,18
"phytoplankton",7,"A",4.95,"20/07/13",0.00869904885166513,35.2,125.3328,6.1621,0.0587900785348204,0.954059144363455,0.367208352996289,0.586850791367166,18
"phytoplankton",7,"A",7.07,"22/07/13",0.0156567557009905,30.67,206.7954,11.6125,0.092418593114492,0.795854407875066,0.367208352996289,0.428646054878777,18
"phytoplankton",7,"A",12.03,"27/07/13",0.0156614844185806,26.83,199.4727,11.0138,0.0751265558995638,0.682112948297261,0.367208352996289,0.314904595300973,18
"phytoplankton",7,"A",16,"31/07/13",0.01044005684562,37.5,180.6155,9.4583,0.0570785872905372,0.603476177437142,0.367208352996289,0.236267824440853,18
"phytoplankton",7,"A",23.75,"08/08/13",0.0104405293755076,37,139.954,6.8263,0.0347464140522171,0.509008013890644,0.367208352996289,0.141799660894356,18
"phytoplankton",7,"A",29,"13/08/13",0.0104413407320904,35.33,158.0816,10.0265,0.0476324802435821,0.475065877859493,0.367208352996289,0.107857524863204,18
"phytoplankton",7,"A",53.01,"06/09/13",0.020881876711568,22,193.9098,19.5512,0.0787544107712551,0.402811135742334,0.367208352996289,0.0356027827460449,18
"zooplankton",7,"A",0.76,"16/07/13",4.00540671323211,0.1771,313.019,61.64,0.253113025715894,0.410631125431366,0.367281288282268,0.0433498371490979,18
"zooplankton",7,"A",1.76,"17/07/13",3.99393575396706,0.063,102.97,24.23,0.10085227208377,0.416228939677136,0.367281288282268,0.0489476513948681,18
"zooplankton",7,"A",2.26,"18/07/13",4.00022804150355,0.0332,66.46,16.84,0.0650884963938935,0.386511261246398,0.367281288282268,0.0192299729641308,18
"zooplankton",7,"A",3.26,"19/07/13",3.98807442086938,0.0164,32.393,8.256,0.0327282535230563,0.396417799455623,0.367281288282268,0.0291365111733556,18
"zooplankton",7,"A",4.26,"20/07/13",3.99680255795364,0.0179,36.13,8.95,0.0356877224824531,0.398745502597242,0.367281288282268,0.0314642143149739,18
"zooplankton",7,"A",6.26,"22/07/13",4.0000251094503,0.0164,33.39,8.921,0.0367280967756626,0.411703808717213,0.367281288282268,0.0444225204349454,18
"zooplankton",7,"A",11.26,"27/07/13",3.95984301368876,0.0425,76.179,17.45,0.103885114331853,0.59533016809085,0.367281288282268,0.228048879808582,18
"zooplankton",7,"A",15.26,"31/07/13",3.9489669030778,0.0523,94.27,21.11,0.11649243435981,0.551835311983941,0.367281288282268,0.184554023701673,18
"zooplankton",7,"A",23.26,"08/08/13",4.00453020492767,0.0285,47.2,9.37,0.0478670884890253,0.51085473307391,0.367281288282268,0.143573444791642,18
"zooplankton",7,"A",28.26,"13/08/13",3.99634873986998,0.0456,74.13,14.36,0.06985149560868,0.486431027915599,0.367281288282268,0.119149739633331,18
"zooplankton",7,"A",52.26,"06/09/13",3.99269958637851,0.0137,27.548,6.983,0.0300259280399215,0.429986081052864,0.367281288282268,0.0627047927705963,18
"phytoplankton",8,"A",0.00999999999999979,"15/07/13",0.0121799705565397,35.14,180.6694,21.7837,0.0797486191419249,0.366093084012013,0.365973705431102,0.000119378580911267,20
"phytoplankton",8,"A",0.26,"16/07/13",0.0243558770566047,15.29,192.2485,21.7933,0.0850134275845906,0.390089741271816,0.365973705431102,0.0241160358407139,20
"phytoplankton",8,"A",0.91,"16/07/13",0.012179805210138,22.57,113.565,14.9201,0.0563017962300709,0.37735535438818,0.365973705431102,0.0113816489570787,20
"phytoplankton",8,"A",1.81,"17/07/13",0.02087293078298,19.13,167.4283,18.5738,0.076047560026882,0.409434580036837,0.365973705431102,0.0434608746057351,20
"phytoplankton",8,"A",2.12,"17/07/13",0.0208776709277326,16.75,169.2326,18.8293,0.0805808447061259,0.427954542686801,0.365973705431102,0.0619808372556997,20
"phytoplankton",8,"A",2.88,"18/07/13",0.0139185269328045,25.75,119.8308,13.8612,0.0595274010356088,0.429453445846022,0.365973705431102,0.0634797404149199,20
"phytoplankton",8,"A",3.93,"19/07/13",0.0208670771066942,8.42,72.4716,9.0384,0.0397105946405999,0.439354251201539,0.365973705431102,0.0733805457704377,20
"phytoplankton",8,"A",4.95,"20/07/13",0.0626370883854467,5.5,136.695,15.6863,0.0685022224352052,0.436700958385376,0.365973705431102,0.0707272529542741,20
"phytoplankton",8,"A",7.09,"22/07/13",0.0521977686421792,7.1,108.5019,14.1026,0.0586942487041795,0.416194522316307,0.365973705431102,0.0502208168852052,20
"phytoplankton",8,"A",12.06,"27/07/13",0.104316129429425,3.87,128.565,15.8607,0.0659022963051022,0.415506858493649,0.365973705431102,0.0495331530625474,20
"phytoplankton",8,"A",16.02,"31/07/13",0.0417693874312963,11.08,116.8005,12.9627,0.0511900275472019,0.394902509100742,0.365973705431102,0.0289288036696404,20
"phytoplankton",8,"A",23.77,"08/08/13",0.0313189514524984,10.39,86.3906,9.2649,0.0366394219166277,0.395464839519344,0.365973705431102,0.0294911340882426,20
"phytoplankton",8,"A",29.04,"13/08/13",0.0417601660756443,8.75,128.0754,15.9421,0.0623164873576979,0.390892588540393,0.365973705431102,0.0249188831092908,20
"phytoplankton",8,"A",53.01,"06/09/13",0.0522255397472011,7.73,120.7774,15.937,0.0613299623237422,0.384827522894787,0.365973705431102,0.018853817463685,20
"zooplankton",8,"A",0.26,"16/07/13",2.40787853192845,1.363,1572.642,269.5,0.998032536987477,0.370327471980511,0.36689917391189,0.00342829806862049,20
"zooplankton",8,"A",0.76,"16/07/13",3.97182761371615,0.7439,1378.257,244.67,0.91075087298208,0.372236429877827,0.36689917391189,0.00533725596593698,20
"zooplankton",8,"A",1.26,"17/07/13",2.03332650425578,1.0487,1009.97,184.13,0.6939751994597,0.376894150578233,0.36689917391189,0.00999497666634219,20
"zooplankton",8,"A",1.76,"17/07/13",2.14726523536505,0.9535,990.164,156.78,0.608170107415451,0.38791306762052,0.36689917391189,0.0210138937086292,20
"zooplankton",8,"A",2.26,"18/07/13",2.45715804318817,0.5892,702.8,117.41,0.470493284523466,0.400726756258807,0.36689917391189,0.0338275823469167,20
"zooplankton",8,"A",3.26,"19/07/13",3.95298370539491,0.346,659.45,122.63,0.515816006573221,0.420627910440529,0.36689917391189,0.0537287365286386,20
"zooplankton",8,"A",4.26,"20/07/13",3.71128387220727,0.9598,1684.941,315.66,1.36865136264737,0.433584034292395,0.36689917391189,0.0666848603805047,20
"zooplankton",8,"A",6.26,"22/07/13",4.02322918975512,0.4076,753.905,146.62,0.643462065752039,0.43886377421364,0.36689917391189,0.0719646003017493,20
"zooplankton",8,"A",11.26,"27/07/13",2.45237296153168,0.6948,775.052,110.85,0.498930685609407,0.450095341100051,0.36689917391189,0.083196167188161,20
"zooplankton",8,"A",15.26,"31/07/13",1.53028753328005,1.0008,672.099,119.07,0.521382858782282,0.437879280072463,0.36689917391189,0.0709801061605724,20
"zooplankton",8,"A",23.26,"08/08/13",2.02742329764923,0.6011,565.52,91.58,0.388200854731991,0.423892612723292,0.36689917391189,0.0569934388114015,20
"zooplankton",8,"A",28.26,"13/08/13",1.86180933193347,1.7049,1350.12,235.49,0.985314020466171,0.418410132263014,0.36689917391189,0.0515109583511231,20
"zooplankton",8,"A",52.26,"06/09/13",2.16479212682742,0.8519,846.03,164.07,0.661864025370547,0.403403440830467,0.36689917391189,0.0365042669185761,20
"phytoplankton",9,"H",0.00999999999999979,"15/07/13",0.0365502841659149,9.45,136.4434,11.5526,0.0424321128714174,0.36729491951091,0.366692162359633,0.000602757151276834,1
"phytoplankton",9,"H",0.81,"16/07/13",0.0522006315439588,12.5,228.8168,19.6307,0.0972129501384452,0.495208780830257,0.366692162359633,0.128516618470624,1
"phytoplankton",9,"H",1.17,"16/07/13",0.0522018342374574,15.9,244.4691,19.9252,0.110522393059717,0.554686492781588,0.366692162359633,0.187994330421955,1
"phytoplankton",9,"H",1.67,"17/07/13",0.0261075730687257,15.93,139.9376,11.6837,0.0959676498403404,0.821380640039888,0.366692162359633,0.454688477680255,1
"phytoplankton",9,"H",2.04,"17/07/13",0.0626530594748034,19.94,370.4128,29.085,0.227269445001167,0.781397438546216,0.366692162359633,0.414705276186583,1
"phytoplankton",9,"H",2.78,"18/07/13",0.0261059444174927,15.33,154.9335,12.3515,0.0874568212245373,0.708066398611807,0.366692162359633,0.341374236252174,1
"phytoplankton",9,"H",3.93,"19/07/13",0.0626370440649378,8,141.8261,11.8835,0.0737466184140902,0.620579950469897,0.366692162359633,0.253887788110264,1
"phytoplankton",9,"H",4.95,"20/07/13",0.0626182660264739,10.81,207.5182,19.3723,0.105763888062528,0.545954213296965,0.366692162359633,0.179262050937332,1
"phytoplankton",9,"H",6.9,"22/07/13",0.0260954548454638,15.57,101.6169,9.8448,0.0463920750919148,0.471234307369523,0.366692162359633,0.10454214500989,1
"phytoplankton",9,"H",11.71,"27/07/13",0.0261082541468878,12.23,110.9521,11.395,0.0517579291731798,0.454216140177094,0.366692162359633,0.0875239778174605,1
"phytoplankton",9,"H",15.82,"31/07/13",0.0208806678215703,13.29,85.5145,7.6605,0.0336720055907586,0.439553626927206,0.366692162359633,0.0728614645675727,1
"phytoplankton",9,"H",23.65,"08/08/13",0.0521856537989631,12.67,166.8558,16.4822,0.0691200726252501,0.41936193363295,0.366692162359633,0.0526697712733172,1
"phytoplankton",9,"H",28.73,"13/08/13",0.0261031352771681,17.63,128.9873,12.8584,0.0525748106614229,0.408875215123366,0.366692162359633,0.0421830527637331,1
"phytoplankton",9,"H",53.01,"06/09/13",0.188230927720311,2.26,147.5368,16.777,0.0658742090265764,0.39264593804957,0.366692162359633,0.0259537756899372,1
"zooplankton",9,"H",0.26,"16/07/13",4.00349119611415,0.0366,76.1,16.88,0.0620452586181044,0.367566697974552,0.367580785204175,-1.40872296224837e-05,1
"zooplankton",9,"H",0.76,"16/07/13",3.94523498182035,0.1722,356.55,70.14,0.258045039167956,0.367899970299339,0.367580785204175,0.000319185095164209,1
"zooplankton",9,"H",1.26,"17/07/13",4.0132878102532,0.0826,170.14,34.65,0.132925217530518,0.383622561415637,0.367580785204175,0.0160417762114624,1
"zooplankton",9,"H",1.76,"17/07/13",2.09282932495434,0.191,239.71,42.81,0.164147717350376,0.383433116912814,0.367580785204175,0.0158523317086392,1
"zooplankton",9,"H",2.26,"18/07/13",3.9971610791842,0.0229,33.12,8.11,0.0306462906703566,0.377882745627085,0.367580785204175,0.0103019604229098,1
"zooplankton",9,"H",3.26,"19/07/13",3.99692071725042,0.0586,122.64,27.31,0.1048558102919,0.3839465774145,0.367580785204175,0.0163657922103252,1
"zooplankton",9,"H",4.26,"20/07/13",4.00024046776894,0.0877,194.13,40.59,0.157829627454819,0.388838697843851,0.367580785204175,0.0212579126396762,1
"zooplankton",9,"H",6.26,"22/07/13",3.99880495484108,0.0821,179.7,38.28,0.149766281893051,0.391238980911837,0.367580785204175,0.0236581957076623,1
"zooplankton",9,"H",11.26,"27/07/13",2.36707934829962,0.5828,765.44,162.59,0.646684705243579,0.397739532101346,0.367580785204175,0.0301587468971716,1
"zooplankton",9,"H",15.26,"31/07/13",3.94432217680853,0.0236,47.98,11.04,0.0450095223834448,0.407694949125406,0.367580785204175,0.0401141639212308,1
"zooplankton",9,"H",23.26,"08/08/13",4.0008687703398,0.0848,180.67,38.09,0.160058947611383,0.420212516700926,0.367580785204175,0.0526317314967513,1
"zooplankton",9,"H",28.26,"13/08/13",2.01823560378715,0.1372,157.97,30.21,0.125250974972456,0.414601042609919,0.367580785204175,0.0470202574057438,1
"zooplankton",9,"H",52.26,"06/09/13",4.00173242804323,0.074,161.84,30.38,0.123135039732462,0.405316128151621,0.367580785204175,0.037735342947446,1
"phytoplankton",10,"H",0.00999999999999979,"15/07/13",0.0208854332140639,19.08,154.2507,13.3631,0.0490102724793505,0.36675825578908,0.367129413838546,-0.000371158049465914,4
"phytoplankton",10,"H",0.83,"16/07/13",0.0208761293742161,17.92,146.9529,12.8683,0.101703609468882,0.790342232220902,0.367129413838546,0.423212818382357,4
"phytoplankton",10,"H",1.19,"16/07/13",0.0313156036494236,15.28,148.1819,13.9182,0.23116561066873,1.66088726034063,0.367129413838546,1.29375784650209,4
"phytoplankton",10,"H",1.7,"17/07/13",0.0261072087246285,16.93,169.9018,16.2305,0.274456424048114,1.69099179968648,0.367129413838546,1.32386238584793,4
"phytoplankton",10,"H",2.05,"17/07/13",0.0260949048913784,14.47,108.7285,10.7784,0.194988046371744,1.80906299981207,0.367129413838546,1.44193358597353,4
"phytoplankton",10,"H",2.79,"18/07/13",0.0260926509810639,17.07,144.2302,13.3714,0.154927892659136,1.15865124563723,0.367129413838546,0.791521831798683,4
"phytoplankton",10,"H",3.93,"19/07/13",0.0313193949564378,10.61,102.8604,10.8994,0.0904381481130307,0.829753455355622,0.367129413838546,0.462624041517076,4
"phytoplankton",10,"H",4.95,"20/07/13",0.0469657954165284,8.67,124.0243,12.476,0.0844114150431996,0.676590373863414,0.367129413838546,0.309460960024869,4
"phytoplankton",10,"H",6.92,"22/07/13",0.0313329743603889,11.33,111.5402,12.2909,0.0632305587626918,0.514450192928848,0.367129413838546,0.147320779090303,4
"phytoplankton",10,"H",11.76,"27/07/13",0.0469587605389449,7.3,163.0614,15.5689,0.0668218964491206,0.429201141051202,0.367129413838546,0.0620717272126565,4
"phytoplankton",10,"H",15.85,"31/07/13",0.0522104658870095,3.8,47.7407,5.5296,0.0238705739312491,0.431687173235842,0.367129413838546,0.064557759397296,4
"phytoplankton",10,"H",23.68,"08/08/13",0.0730444351219252,4.86,80.4509,10.5306,0.0436754390654894,0.414747868739572,0.367129413838546,0.0476184549010267,4
"phytoplankton",10,"H",28.8,"13/08/13",0.156820834151764,2.58,135.8944,18.251,0.0753079409428343,0.412623642226915,0.367129413838546,0.0454942283883694,4
"phytoplankton",10,"H",53.01,"06/09/13",0.12522835722084,3.71,189.7688,24.77,0.0977776343113976,0.39474216516511,0.367129413838546,0.0276127513265638,4
"zooplankton",10,"H",0.76,"16/07/13",3.99644663576265,0.0359,44.39,8.675,0.0333806401021156,0.384791240370209,0.367263789158513,0.0175274512116961,4
"zooplankton",10,"H",1.26,"17/07/13",4.00039904229848,0.042,77.56,12.03,0.0497050027252298,0.413175417499832,0.367263789158513,0.0459116283413197,4
"zooplankton",10,"H",1.76,"17/07/13",3.98887742209997,0.094,139.575,22.424,0.0950979662059096,0.424090109730242,0.367263789158513,0.0568263205717298,4
"zooplankton",10,"H",11.26,"27/07/13",2.54676259203707,0.2418,226.246,34.75,0.167273443032869,0.481362425993867,0.367263789158513,0.114098636835354,4
"zooplankton",10,"H",15.26,"31/07/13",4.01536312849162,0.0592,87.51,17.02,0.0785491488728766,0.461510862942871,0.367263789158513,0.0942470737843583,4
"zooplankton",10,"H",23.26,"08/08/13",3.96599382370922,0.0422,71.46,15.18,0.0649142814597164,0.427630312646353,0.367263789158513,0.0603665234878402,4
"zooplankton",10,"H",28.26,"13/08/13",2.49043064769516,0.1537,157.431,26.857,0.111747209434921,0.416082248333475,0.367263789158513,0.0488184591749621,4
"zooplankton",10,"H",52.26,"06/09/13",4.02808782594947,0.0651,140.28,27.77,0.112140400735668,0.403818511831717,0.367263789158513,0.0365547226732044,4
"phytoplankton",11,"H",0.00999999999999979,"15/07/13",0.0391612480589821,10.73,187.5502,23.6766,0.0868539878578733,0.366834713843514,0.366420087158691,0.000414626684822561,6
"phytoplankton",11,"H",0.84,"16/07/13",0.0365342958519564,9.81,140.4624,20.8733,0.119798060047819,0.573929661566784,0.366420087158691,0.207509574408093,6
"phytoplankton",11,"H",1.2,"16/07/13",0.0417522812910502,8.96,123.6594,16.3957,0.12106666092271,0.738404953266465,0.366420087158691,0.371984866107774,6
"phytoplankton",11,"H",1.72,"17/07/13",0.047001906877948,10.44,193.7561,25.5478,0.215918114033315,0.845153453656735,0.366420087158691,0.478733366498044,6
"phytoplankton",11,"H",2.06,"17/07/13",0.0313380247440934,9.94,115.3459,18.3,0.186891555763462,1.02126533204078,0.366420087158691,0.654845244882088,6
"phytoplankton",11,"H",2.8,"18/07/13",0.031315906476672,11.78,152.18,22.0544,0.169653568528278,0.769250437682632,0.366420087158691,0.402830350523941,6
"phytoplankton",11,"H",3.93,"19/07/13",0.0365492492721127,10.52,150.2527,23.5036,0.156682443334276,0.666631679122669,0.366420087158691,0.300211591963978,6
"phytoplankton",11,"H",4.95,"20/07/13",0.0313088465983306,9.78,131.5541,15.2001,0.0861575264919042,0.566822103090797,0.366420087158691,0.200402015932106,6
"phytoplankton",11,"H",6.94,"22/07/13",0.0365230266730426,9.29,119.0342,20.191,0.0962266363768416,0.47658182545115,0.366420087158691,0.110161738292459,6
"phytoplankton",11,"H",11.8,"27/07/13",0.0417405580908528,10.63,196.1452,31.1683,0.139513785116769,0.447614355344273,0.366420087158691,0.0811942681855819,6
"phytoplankton",11,"H",15.89,"31/07/13",0.0365325793869603,10.67,178.5258,26.9377,0.117451037975387,0.43600989681891,0.366420087158691,0.0695898096602187,6
"phytoplankton",11,"H",23.69,"08/08/13",0.0626303491843711,7.64,170.4915,26.0541,0.109533886766193,0.420409404915899,0.366420087158691,0.0539893177572081,6
"phytoplankton",11,"H",28.84,"13/08/13",0.0731068537849035,6.76,195.3184,31.582,0.13107115839676,0.415018549796593,0.366420087158691,0.048598462637902,6
"phytoplankton",11,"H",53.01,"06/09/13",0.0313242467742872,15.33,153.0673,24.4523,0.0977400178677698,0.399717073108746,0.366420087158691,0.0332969859500548,6
"zooplankton",11,"H",0.26,"16/07/13",4.0417655867957,0.1627,329.21,71.48,0.264061862416404,0.369420624533301,0.36687328953336,0.00254733499994109,6
"zooplankton",11,"H",0.76,"16/07/13",3.97844055715811,0.1303,291.65,54.12,0.212301168195883,0.392278581293206,0.36687328953336,0.0254052917598463,6
"zooplankton",11,"H",1.26,"17/07/13",3.43965001398349,0.2253,373.3,66.4,0.278453143694146,0.41935714411769,0.36687328953336,0.0524838545843299,6
"zooplankton",11,"H",1.76,"17/07/13",2.24170488265444,0.1685,212.93,41.55,0.183892090799935,0.442580242599122,0.36687328953336,0.0757069530657619,6
"zooplankton",11,"H",2.26,"18/07/13",2.59034687261006,0.2102,298.766,63.904,0.332370933180502,0.520109747716109,0.36687328953336,0.153236458182749,6
"zooplankton",11,"H",3.26,"19/07/13",3.97120379685826,0.2557,569.85,119.72,0.69971228319057,0.584457303032551,0.36687328953336,0.217584013499191,6
"zooplankton",11,"H",4.26,"20/07/13",3.99168579925081,0.2441,563.16,108.35,0.659666534186426,0.608829288589225,0.36687328953336,0.241955999055865,6
"zooplankton",11,"H",6.26,"22/07/13",4.01917522719222,0.3184,733.694,136.26,0.826876957274998,0.606837631935269,0.36687328953336,0.239964342401909,6
"zooplankton",11,"H",11.26,"27/07/13",2.41607110204216,0.1836,250.97,40.75,0.217258482293636,0.533149649800334,0.36687328953336,0.166276360266974,6
"zooplankton",11,"H",15.26,"31/07/13",3.97667466632984,0.0819,172.91,37.78,0.180095220979625,0.476694602910601,0.36687328953336,0.109821313377241,6
"zooplankton",11,"H",23.26,"08/08/13",2.29191050607745,0.1302,168.69,31.84,0.143881709243492,0.451889790337601,0.36687328953336,0.0850165008042412,6
"zooplankton",11,"H",28.26,"13/08/13",1.88586251304021,0.1517,159.42,30.84,0.138314457454169,0.448490458671107,0.36687328953336,0.0816171691377469,6
"zooplankton",11,"H",52.26,"06/09/13",3.98768333550942,0.0161,23.352,5.131,0.020812344357451,0.405619652259813,0.36687328953336,0.0387463627264532,6
"phytoplankton",12,"H",0.00999999999999979,"15/07/13",0.109700789837883,4.33,185.4691,24.1801,0.0888756389925781,0.367556953828057,0.367405974056229,0.000150979771828819,8
"phytoplankton",12,"H",0.85,"16/07/13",0.0626358200921387,5.5,77.3004,11.8693,0.0488557958636953,0.411614803431502,0.367405974056229,0.0442088293752735,8
"phytoplankton",12,"H",1.22,"16/07/13",0.125406305181586,3.33,176.7426,22.6345,0.113874193150126,0.503100104487071,0.367405974056229,0.135694130430843,8
"phytoplankton",12,"H",1.73,"17/07/13",0.0940620107025572,3.94,126.2618,18.0236,0.1185327375374,0.6576529524479,0.367405974056229,0.290246978391671,8
"phytoplankton",12,"H",2.07,"17/07/13",0.0939737030313033,3.75,131.0988,17.0816,0.106767752325075,0.625045384068676,0.367405974056229,0.257639410012447,8
"phytoplankton",12,"H",2.83,"18/07/13",0.0783012661684488,5.3,132.6721,16.4015,0.0998853052440973,0.609001037978827,0.367405974056229,0.241595063922598,8
"phytoplankton",12,"H",3.93,"19/07/13",0.0783426083011217,5.13,122.3462,16.0964,0.0866758030184773,0.538479430297938,0.367405974056229,0.17107345624171,8
"phytoplankton",12,"H",4.95,"20/07/13",0.0861931612155707,4.36,144.3684,17.1813,0.0851616403463018,0.495664707247425,0.367405974056229,0.128258733191196,8
"phytoplankton",12,"H",6.95,"22/07/13",0.0521869716414702,9.97,179.4154,25.7665,0.116022297622405,0.450283498427824,0.367405974056229,0.0828775243715952,8
"phytoplankton",12,"H",11.84,"27/07/13",0.0522287820796604,6.73,173.3441,18.9613,0.080234139425323,0.423146827619008,0.367405974056229,0.0557408535627797,8
"phytoplankton",12,"H",15.9,"31/07/13",0.0522046103472426,9.3,164.9813,20.931,0.0866478963859419,0.413969214972729,0.367405974056229,0.0465632409165002,8
"phytoplankton",12,"H",23.71,"08/08/13",0.0626155214008451,6.92,115.7713,16.1781,0.0649726331925848,0.401608552256351,0.367405974056229,0.0342025782001227,8
"phytoplankton",12,"H",28.88,"13/08/13",0.0835468390136102,4.54,174.9574,26.1734,0.105608999806443,0.403497443230314,0.367405974056229,0.0360914691740851,8
"phytoplankton",12,"H",53.01,"06/09/13",0.125089131534961,3.38,208.9917,25.1423,0.0977418693782571,0.38875468584122,0.367405974056229,0.0213487117849914,8
"zooplankton",12,"H",0.26,"16/07/13",3.89033942558747,0.0766,134.9,29.8,0.11013301580168,0.369573878529128,0.367245541580655,0.00232833694847279,8
"zooplankton",12,"H",0.76,"16/07/13",4.00675418780735,0.1176,180.75,37.27,0.141485068802055,0.379621864239483,0.367245541580655,0.0123763226588283,8
"zooplankton",12,"H",1.76,"17/07/13",4.04855463797656,0.0261,51.39,11.56,0.0468808212080915,0.405543436056155,0.367245541580655,0.0382978944755,8
"zooplankton",12,"H",2.26,"18/07/13",3.97075804145705,0.0877,147.537,32.85,0.162161803674143,0.493643237973038,0.367245541580655,0.126397696392384,8
"zooplankton",12,"H",3.26,"19/07/13",3.99706113196571,0.0433,69.47,15.94,0.0847358807056884,0.531592727137318,0.367245541580655,0.164347185556663,8
"zooplankton",12,"H",4.26,"20/07/13",3.99992621196842,0.0109,6.152,1.301,0.00756411172523179,0.581407511547409,0.367245541580655,0.214161969966755,8
"zooplankton",12,"H",11.26,"27/07/13",2.47892811704835,0.128,132.69,24.94,0.110706681031214,0.443892065081051,0.367245541580655,0.0766465235003962,8
"zooplankton",12,"H",15.26,"31/07/13",3.989794888796,0.0371,63.71,13.84,0.0597268354306257,0.431552279123018,0.367245541580655,0.0643067375423632,8
"zooplankton",12,"H",23.26,"08/08/13",3.9481893494241,0.1655,303.34,62.41,0.255906776659861,0.410041302130847,0.367245541580655,0.0427957605501919,8
"zooplankton",12,"H",28.26,"13/08/13",2.7800584866133,0.2278,276.401,52.76,0.213289959723593,0.404264518050782,0.367245541580655,0.0370189764701271,8
"zooplankton",12,"H",52.26,"06/09/13",3.98149729859893,0.287,619.636,117.76,0.466043992896172,0.395757466793624,0.367245541580655,0.0285119252129696,8
"phytoplankton",13,"H",0.00999999999999979,"15/07/13",0.0731064488818529,4.57,117.784,10.7843,0.0396264366667899,0.367445607659189,0.367952593839294,-0.000506986180104585,9
"phytoplankton",13,"H",0.859999999999999,"16/07/13",0.0730865611562232,5.38,130.4502,13.2471,0.0656812352119577,0.495815953770695,0.367952593839294,0.127863359931401,9
"phytoplankton",13,"H",1.22,"16/07/13",0.0313259528953252,16.44,138.0765,11.5782,0.0614182631427665,0.530464693499563,0.367952593839294,0.16251209966027,9
"phytoplankton",13,"H",1.74,"17/07/13",0.0156567260978972,17.89,153.7982,6.0084,0.037575904677303,0.625389532609397,0.367952593839294,0.257436938770104,9
"phytoplankton",13,"H",2.08,"17/07/13",0.0156651093140054,19.33,73.6071,6.3117,0.0299762653924811,0.474931720336535,0.367952593839294,0.106979126497241,9
"phytoplankton",13,"H",2.83,"18/07/13",0.0469595685509731,8.06,83.2235,7.3091,0.037086849409839,0.507406512564324,0.367952593839294,0.13945391872503,9
"phytoplankton",13,"H",3.93,"19/07/13",0.0313105996639983,12.06,117.1686,8.8575,0.0431923204984764,0.487635568709867,0.367952593839294,0.119682974870573,9
"phytoplankton",13,"H",4.95,"20/07/13",0.0548219628768826,6.76,105.865,8.2076,0.0399623349154184,0.486894279879848,0.367952593839294,0.118941686040555,9
"phytoplankton",13,"H",6.97,"22/07/13",0.0313112298475324,11.28,96.2693,7.3612,0.0343122194301814,0.466122635306491,0.367952593839294,0.098170041467197,9
"phytoplankton",13,"H",11.9,"27/07/13",0.0626613479345168,5.11,145.9758,12.0062,0.054293928207551,0.452215756921849,0.367952593839294,0.084263163082555,9
"phytoplankton",13,"H",15.91,"31/07/13",0.0365480380791556,13.76,91.4995,8.6157,0.0357231694348047,0.414628752565719,0.367952593839294,0.0466761587264257,9
"phytoplankton",13,"H",23.71,"08/08/13",0.0417600947193185,21.75,174.4615,13.1383,0.0552520690645015,0.420541996030701,0.367952593839294,0.0525894021914068,9
"phytoplankton",13,"H",28.9,"13/08/13",0.0417710429364656,11.58,118.9018,10.3741,0.043690851970513,0.421153179268688,0.367952593839294,0.0532005854293944,9
"phytoplankton",13,"H",53.01,"06/09/13",0.0521804817199136,8.07,121.9883,9.8545,0.0397574589068736,0.403444709593319,0.367952593839294,0.0354921157540256,9
"zooplankton",13,"H",0.76,"16/07/13",3.99751978699347,0.0855,167.62,32.88,0.130912050112571,0.398151003992004,0.367110780297955,0.0310402236940491,9
"zooplankton",13,"H",1.26,"17/07/13",4.02209944751381,0.0362,59.87,12.74,0.0528903129212703,0.415151592788621,0.367110780297955,0.0480408124906663,9
"zooplankton",13,"H",1.76,"17/07/13",3.99720363290491,0.0468,86.65,17.34,0.0787551756745273,0.454182097315613,0.367110780297955,0.087071317017658,9
"zooplankton",13,"H",4.26,"20/07/13",3.99952311879812,0.053,80.28,15.72,0.0790777446797506,0.503039088293579,0.367110780297955,0.135928307995624,9
"zooplankton",13,"H",11.26,"27/07/13",3.99718437490033,0.0808,140.048,24.876,0.112268813020781,0.45131376837426,0.367110780297955,0.0842029880763054,9
"zooplankton",13,"H",15.26,"31/07/13",3.9940588587728,0.0743,94.27,15.62,0.073081639359417,0.467872211007792,0.367110780297955,0.100761430709837,9
"zooplankton",13,"H",28.26,"13/08/13",3.99245412450695,0.0175,31.48,5.82,0.025119736686961,0.431610595995893,0.367110780297955,0.0644998156979386,9
"zooplankton",13,"H",52.26,"06/09/13",3.98295247119435,0.0114,7.599,1.942,0.00763475350379942,0.393138697415006,0.367110780297955,0.0260279171170515,9
"phytoplankton",14,"H",0.00999999999999979,"15/07/13",0.00521972749643762,54.83,95.4811,7.7986,0.0285160094307272,0.365655494969959,0.367263278226424,-0.00160778325646455,15
"phytoplankton",14,"H",0.87,"16/07/13",0.00521977757681416,61.67,110.6191,8.2417,0.0342420281807234,0.415472877934448,0.367263278226424,0.0482095997080249,15
"phytoplankton",14,"H",1.23,"16/07/13",0.0052204038570675,64.17,99.5041,7.0161,0.0441120834571196,0.628726549751566,0.367263278226424,0.261463271525143,15
"phytoplankton",14,"H",1.75,"17/07/13",0.00521961273840973,66.5,116.1359,9.0799,0.0730351552996898,0.804360789212324,0.367263278226424,0.4370975109859,15
"phytoplankton",14,"H",2.09,"17/07/13",0.0104393718704265,78.5,263.6004,22.4942,0.178480578504779,0.793451549754066,0.367263278226424,0.426188271527642,15
"phytoplankton",14,"H",2.84,"18/07/13",0.00521981605979532,76.17,125.27,9.3343,0.0698906993933287,0.748751372822051,0.367263278226424,0.381488094595627,15
"phytoplankton",14,"H",3.93,"19/07/13",0.00522047815347712,83,172.077,12.4487,0.0846170067310112,0.6797256479071,0.367263278226424,0.312462369680677,15
"phytoplankton",14,"H",4.95,"20/07/13",0.00522009979406457,90.67,166.0105,11.6192,0.0752456553587065,0.647597557135659,0.367263278226424,0.280334278909236,15
"phytoplankton",14,"H",7.04,"22/07/13",0.00261026320925655,140.33,106.7756,9.5113,0.0517030949084974,0.543596510555837,0.367263278226424,0.176333232329414,15
"phytoplankton",14,"H",11.96,"27/07/13",0.00261014151179586,133.67,133.8347,11.283,0.0554538569603364,0.491481493931901,0.367263278226424,0.124218215705478,15
"phytoplankton",14,"H",15.93,"31/07/13",0.002609969858105,155.33,129.498,10.8426,0.0503949946890297,0.464786994715563,0.367263278226424,0.0975237164891398,15
"phytoplankton",14,"H",23.74,"08/08/13",0.00695967949838462,147.75,319.331,27.0842,0.117167652092578,0.432605179745304,0.367263278226424,0.0653419015188808,15
"phytoplankton",14,"H",28.94,"13/08/13",0.00260994926566557,176.67,197.4749,15.765,0.0666140182990125,0.422543725334682,0.367263278226424,0.055280447108258,15
"phytoplankton",14,"H",53.01,"06/09/13",0.00521979512630513,100.33,262.9851,26.4281,0.105903334944147,0.400722469432714,0.367263278226424,0.0334591912062902,15
"zooplankton",14,"H",0.76,"16/07/13",3.99185000528413,0.0124,22.525,5.137,0.0189571149152104,0.369030852933821,0.367138975592466,0.00189187734135432,15
"zooplankton",14,"H",2.26,"18/07/13",3.9915788090421,0.0118,24.61,5.832,0.0229903905368599,0.394211086022975,0.367138975592466,0.0270721104305087,15
"zooplankton",14,"H",3.26,"19/07/13",3.98957194516861,0.0253,52.88,11.86,0.0473872439209649,0.399555176399367,0.367138975592466,0.0324162008069004,15
"zooplankton",14,"H",4.26,"20/07/13",3.99336414267093,0.029,61.09,13.48,0.052823097856786,0.391862743744703,0.367138975592466,0.0247237681522366,15
"zooplankton",14,"H",52.26,"06/09/13",4.00156590413943,0.144,236.4,23.51,0.101353399280517,0.431107610721043,0.367138975592466,0.0639686351285767,15
"phytoplankton",15,"H",0.00999999999999979,"15/07/13",0.0939901666424906,4.36,147.1957,17.0283,0.0625409113836989,0.367276306993058,0.367201674376136,7.46326169216993e-05,17
"phytoplankton",15,"H",0.89,"16/07/13",0.114916975245029,4.27,177.3629,20.8418,0.154467676727095,0.741143647511708,0.367201674376136,0.373941973135572,17
"phytoplankton",15,"H",1.24,"16/07/13",0.0861678158289154,4.15,128.9218,15.2497,0.141877505023838,0.930362597453312,0.367201674376136,0.563160923077175,17
"phytoplankton",15,"H",1.78,"17/07/13",0.125113071034461,3.56,180.7103,21.8755,0.247400844596909,1.13094943931297,0.367201674376136,0.763747764936834,17
"phytoplankton",15,"H",2.1,"17/07/13",0.125421082247914,3.08,170.0838,21.1119,0.22917543559863,1.08552728839484,0.367201674376136,0.718325614018704,17
"phytoplankton",15,"H",2.86,"18/07/13",0.0940554798121564,4.44,125.1456,14.3548,0.113796116037172,0.792739125847607,0.367201674376136,0.425537451471471,17
"phytoplankton",15,"H",3.93,"19/07/13",0.0626075005961477,3.03,73.421,8.8742,0.0548849234642718,0.618477422914423,0.367201674376136,0.251275748538287,17
"phytoplankton",15,"H",4.95,"20/07/13",0.125405917228987,1.11,99.2878,9.6047,0.0550629177345952,0.573291385827722,0.367201674376136,0.206089711451586,17
"phytoplankton",15,"H",7.06,"22/07/13",0.146282699411282,2.26,127.1468,12.6907,0.0635596201141569,0.500836203788262,0.367201674376136,0.133634529412125,17
"phytoplankton",15,"H",12.03,"27/07/13",0.145884577986259,2.6,153.7848,13.6529,0.06248454321859,0.457664988526906,0.367201674376136,0.09046331415077,17
"phytoplankton",15,"H",15.99,"31/07/13",0.0833953508733529,2.65,54.4839,5.1435,0.022689074561261,0.441121309638592,0.367201674376136,0.0739196352624562,17
"phytoplankton",15,"H",23.75,"08/08/13",0.125241311459738,2.48,111.7092,15.0926,0.0631052412623462,0.418120411740497,0.367201674376136,0.0509187373643609,17
"phytoplankton",15,"H",28.98,"13/08/13",0.188238895258451,1.59,133.2921,10.5159,0.0439435753632654,0.41787745569343,0.367201674376136,0.0506757813172934,17
"phytoplankton",15,"H",53.01,"06/09/13",0.187876268175609,1.13,130.3525,13.9184,0.0552691237885537,0.397093946060996,0.367201674376136,0.0298922716848604,17
"zooplankton",15,"H",0.26,"16/07/13",2.92528430975221,0.292,283.183,43.57,0.232343099060142,0.533263940922978,0.367254236527132,0.166009704395846,17
"zooplankton",15,"H",1.26,"17/07/13",4.00143334925944,0.028,49.55,10.05,0.0924818989076859,0.920217899578964,0.367254236527132,0.552963663051832,17
"zooplankton",15,"H",2.26,"18/07/13",3.99766412411864,0.0311,49.45,11.09,0.101753969816298,0.917529033510348,0.367254236527132,0.550274796983216,17
"zooplankton",15,"H",3.26,"19/07/13",3.99800099950025,0.0207,17.79,3.84,0.0339854655231241,0.885038164664689,0.367254236527132,0.517783928137557,17
"zooplankton",15,"H",4.26,"20/07/13",4.03749757361925,0.0555,83.61,17.68,0.151417286491298,0.856432615901005,0.367254236527132,0.489178379373873,17
"zooplankton",15,"H",6.26,"22/07/13",3.9997009569378,0.0209,15.29,3.21,0.0243472839435763,0.7584823658435,0.367254236527132,0.391228129316368,17
"zooplankton",15,"H",11.26,"27/07/13",4.00137931034483,0.125,191.95,36.99,0.227413048929116,0.614796023057897,0.367254236527132,0.247541786530765,17
"zooplankton",15,"H",23.26,"08/08/13",4.00126994798816,0.0326,44.95,8.57,0.0401504969426635,0.4685005477557,0.367254236527132,0.101246311228568,17
"zooplankton",15,"H",28.26,"13/08/13",3.99571191891629,0.0331,46.58,8.61,0.0382012235818257,0.443684362158254,0.367254236527132,0.0764301256311224,17
"zooplankton",15,"H",52.26,"06/09/13",3.99833681438857,0.0924,149.08,31.29,0.127094271304845,0.406181755528429,0.367254236527132,0.0389275190012971,17
"phytoplankton",16,"H",0.00999999999999979,"15/07/13",0.078305787075455,6.2,198.5983,23.2135,0.0851773980032368,0.366930441351958,0.366616725963868,0.00031371538808983,19
"phytoplankton",16,"H",0.899999999999999,"16/07/13",0.0416862876563963,3.38,90.9863,11.4674,0.0625993724685327,0.545889848339926,0.366616725963868,0.179273122376058,19
"phytoplankton",16,"H",1.26,"16/07/13",0.0469991772345738,6.33,91.9862,8.6919,0.0527603639076508,0.607006108073617,0.366616725963868,0.240389382109749,19
"phytoplankton",16,"H",1.8,"17/07/13",0.0313058060340389,6.28,196.8354,21.282,0.211210983432591,0.992439542489384,0.366616725963868,0.625822816525516,19
"phytoplankton",16,"H",2.11,"17/07/13",0.0626835989754745,5.33,133.2719,17.0757,0.187880359628471,1.10027910790463,0.366616725963868,0.73366238194076,19
"phytoplankton",16,"H",2.87,"18/07/13",0.0470023478414927,9.94,134.1966,15.9022,0.12286668737615,0.772639555383215,0.366616725963868,0.406022829419347,19
"phytoplankton",16,"H",3.93,"19/07/13",0.0313245802841154,4,55.2287,7.2767,0.0504739244424791,0.693637561566083,0.366616725963868,0.327020835602214,19
"phytoplankton",16,"H",4.95,"20/07/13",0.0834392950440099,3.17,118.6522,13.7134,0.0812656006664933,0.592599943606205,0.366616725963868,0.225983217642337,19
"phytoplankton",16,"H",7.08,"22/07/13",0.052173469532952,6.67,124.1209,14.1165,0.0630661023678813,0.446754523910894,0.366616725963868,0.0801377979470253,19
"phytoplankton",16,"H",12.06,"27/07/13",0.114775701790171,3.79,168.7614,24.109,0.101259592975083,0.42000743695335,0.366616725963868,0.0533907109894816,19
"phytoplankton",16,"H",16.01,"31/07/13",0.0938595209658738,3.81,115.4211,13.7803,0.0551884376920285,0.400487926184688,0.366616725963868,0.0338712002208191,19
"phytoplankton",16,"H",23.76,"08/08/13",0.052175631136537,7.17,126.7659,14.3497,0.0543509975570583,0.378760514554718,0.366616725963868,0.0121437885908492,19
"phytoplankton",16,"H",29.02,"13/08/13",0.0521799197657983,8.67,198.5113,32.1688,0.124005465184319,0.385483652434405,0.366616725963868,0.0188669264705367,19
"phytoplankton",16,"H",53.01,"06/09/13",0.146306869635756,1.76,223.2828,21.3259,0.0861182897663287,0.403820189376902,0.366616725963868,0.0372034634130331,19
"zooplankton",16,"H",0.76,"16/07/13",4.00138448952193,0.0741,116.45,22.89,0.0854274243262103,0.373208494216733,0.367490058568642,0.00571843564809188,19
"zooplankton",16,"H",1.76,"17/07/13",3.99307740717432,0.014,24.034,5.076,0.0190816277183357,0.375918591771784,0.367490058568642,0.00842853320314207,19
"zooplankton",16,"H",2.26,"18/07/13",3.99135057212362,0.011,1.497,0.886,0.00340756230853628,0.384600712024411,0.367490058568642,0.0171106534557693,19
"zooplankton",16,"H",3.26,"19/07/13",3.99092872686677,0.0106,22.569,5.92,0.0228233275568243,0.385529181703113,0.367490058568642,0.0180391231344718,19
"zooplankton",16,"H",4.26,"20/07/13",4.00688488844249,0.0144,30.886,7.468,0.0341474780868312,0.457250643905078,0.367490058568642,0.0897605853364365,19
"zooplankton",16,"H",23.26,"08/08/13",3.99190778531186,0.0247,40.425,10.151,0.0395873131541932,0.389984367591304,0.367490058568642,0.0224943090226622,19
"zooplankton",16,"H",28.26,"13/08/13",3.99323571236404,0.0295,48.93,10.39,0.0404371055537525,0.389192546234384,0.367490058568642,0.0217024876657428,19
"zooplankton",16,"H",52.26,"06/09/13",4.00213147706913,0.0476,61.809,14.155,0.0538426880361685,0.380379286726729,0.367490058568642,0.0128892281580874,19
